"","name","latitude","longitude","date"
"1","Butte/Tehama/Glenn Lightning Complex","40.09571","-122.4393","2020-08-19"
"2","Butte/Tehama/Glenn Lightning Complex","40.09571","-122.4393","2020-08-20"
"3","Butte/Tehama/Glenn Lightning Complex","40.09571","-122.4393","2020-08-21"
"4","Butte/Tehama/Glenn Lightning Complex","40.09571","-122.4393","2020-08-22"
"5","Butte/Tehama/Glenn Lightning Complex","40.09571","-122.4393","2020-08-23"
"6","Butte/Tehama/Glenn Lightning Complex","40.09571","-122.4393","2020-08-24"
"7","Butte/Tehama/Glenn Lightning Complex","40.09571","-122.4393","2020-08-25"
"8","Butte/Tehama/Glenn Lightning Complex","40.09571","-122.4393","2020-08-26"
"9","Butte/Tehama/Glenn Lightning Complex","40.09571","-122.4393","2020-08-27"
"10","Butte/Tehama/Glenn Lightning Complex","40.09571","-122.4393","2020-08-28"
"11","Butte/Tehama/Glenn Lightning Complex","40.09571","-122.4393","2020-08-29"
"12","Butte/Tehama/Glenn Lightning Complex","40.09571","-122.4393","2020-08-30"
"13","Butte/Tehama/Glenn Lightning Complex","40.09571","-122.4393","2020-08-31"
"14","Butte/Tehama/Glenn Lightning Complex","40.09571","-122.4393","2020-09-01"
"15","Butte/Tehama/Glenn Lightning Complex","40.09571","-122.4393","2020-09-02"
"16","Butte/Tehama/Glenn Lightning Complex","40.09571","-122.4393","2020-09-03"
"17","Butte/Tehama/Glenn Lightning Complex","40.09571","-122.4393","2020-09-04"
"18","Butte/Tehama/Glenn Lightning Complex","40.09571","-122.4393","2020-09-05"
"19","Butte/Tehama/Glenn Lightning Complex","40.09571","-122.4393","2020-09-06"
"20","Butte/Tehama/Glenn Lightning Complex","40.09571","-122.4393","2020-09-07"
"21","Butte/Tehama/Glenn Lightning Complex","40.09571","-122.4393","2020-09-08"
"22","Butte/Tehama/Glenn Lightning Complex","40.09571","-122.4393","2020-09-09"
"23","Butte/Tehama/Glenn Lightning Complex","40.09571","-122.4393","2020-09-10"
"24","Butte/Tehama/Glenn Lightning Complex","40.09571","-122.4393","2020-09-11"
"25","Butte/Tehama/Glenn Lightning Complex","40.09571","-122.4393","2020-09-12"
"26","Butte/Tehama/Glenn Lightning Complex","40.09571","-122.4393","2020-09-13"
"27","Butte/Tehama/Glenn Lightning Complex","40.09571","-122.4393","2020-09-14"
"28","Butte/Tehama/Glenn Lightning Complex","40.09571","-122.4393","2020-09-15"
"29","Butte/Tehama/Glenn Lightning Complex","40.09571","-122.4393","2020-09-16"
"30","Butte/Tehama/Glenn Lightning Complex","40.09571","-122.4393","2020-09-17"
"31","Butte/Tehama/Glenn Lightning Complex","40.09571","-122.4393","2020-09-18"
"32","Butte/Tehama/Glenn Lightning Complex","40.09571","-122.4393","2020-09-19"
"33","Creek Fire","39.8174372","-123.2111007","2020-08-18"
"34","Creek Fire","39.8174372","-123.2111007","2020-08-19"
"35","Creek Fire","39.8174372","-123.2111007","2020-08-20"
"36","Creek Fire","39.8174372","-123.2111007","2020-08-21"
"37","Creek Fire","39.8174372","-123.2111007","2020-08-22"
"38","Creek Fire","39.8174372","-123.2111007","2020-08-23"
"39","Creek Fire","39.8174372","-123.2111007","2020-08-24"
"40","Creek Fire","39.8174372","-123.2111007","2020-08-25"
"41","Creek Fire","39.8174372","-123.2111007","2020-08-26"
"42","Creek Fire","39.8174372","-123.2111007","2020-08-27"
"43","Creek Fire","39.8174372","-123.2111007","2020-08-28"
"44","Creek Fire","39.8174372","-123.2111007","2020-08-29"
"45","Creek Fire","39.8174372","-123.2111007","2020-08-30"
"46","Creek Fire","39.8174372","-123.2111007","2020-08-31"
"47","Creek Fire","39.8174372","-123.2111007","2020-09-01"
"48","Creek Fire","39.8174372","-123.2111007","2020-09-02"
"49","Creek Fire","39.8174372","-123.2111007","2020-09-03"
"50","Creek Fire","39.8174372","-123.2111007","2020-09-04"
"51","Creek Fire","39.8174372","-123.2111007","2020-09-05"
"52","Creek Fire","39.8174372","-123.2111007","2020-09-06"
"53","August Complex","37.19147","-119.261175","2020-09-04"
"54","August Complex","37.19147","-119.261175","2020-09-05"
"55","August Complex","37.19147","-119.261175","2020-09-06"
"56","August Complex","37.19147","-119.261175","2020-09-07"
"57","August Complex","37.19147","-119.261175","2020-09-08"
"58","August Complex","37.19147","-119.261175","2020-09-09"
"59","August Complex","37.19147","-119.261175","2020-09-10"
"60","August Complex","37.19147","-119.261175","2020-09-11"
"61","August Complex","37.19147","-119.261175","2020-09-12"
"62","August Complex","37.19147","-119.261175","2020-09-13"
"63","August Complex","37.19147","-119.261175","2020-09-14"
"64","August Complex","37.19147","-119.261175","2020-09-15"
"65","August Complex","37.19147","-119.261175","2020-09-16"
"66","August Complex","37.19147","-119.261175","2020-09-17"
"67","August Complex","37.19147","-119.261175","2020-09-18"
"68","August Complex","37.19147","-119.261175","2020-09-19"
"69","August Complex","37.19147","-119.261175","2020-09-20"
"70","August Complex","37.19147","-119.261175","2020-09-21"
"71","August Complex","37.19147","-119.261175","2020-09-22"
"72","August Complex","37.19147","-119.261175","2020-09-23"
"73","August Complex","37.19147","-119.261175","2020-09-24"
"74","August Complex","37.19147","-119.261175","2020-09-25"
"75","August Complex","37.19147","-119.261175","2020-09-26"
"76","August Complex","37.19147","-119.261175","2020-09-27"
"77","August Complex","37.19147","-119.261175","2020-09-28"
"78","August Complex","37.19147","-119.261175","2020-09-29"
"79","August Complex","37.19147","-119.261175","2020-09-30"
"80","August Complex","37.19147","-119.261175","2020-10-01"
"81","August Complex","37.19147","-119.261175","2020-10-02"
"82","August Complex","37.19147","-119.261175","2020-10-03"
"83","Zogg Fire","39.776","-122.673","2020-08-16"
"84","Zogg Fire","39.776","-122.673","2020-08-17"
"85","Zogg Fire","39.776","-122.673","2020-08-18"
"86","Zogg Fire","39.776","-122.673","2020-08-19"
"87","Zogg Fire","39.776","-122.673","2020-08-20"
"88","Zogg Fire","39.776","-122.673","2020-08-21"
"89","Zogg Fire","39.776","-122.673","2020-08-22"
"90","Zogg Fire","39.776","-122.673","2020-08-23"
"91","Zogg Fire","39.776","-122.673","2020-08-24"
"92","Zogg Fire","39.776","-122.673","2020-08-25"
"93","Zogg Fire","39.776","-122.673","2020-08-26"
"94","Zogg Fire","39.776","-122.673","2020-08-27"
"95","Zogg Fire","39.776","-122.673","2020-08-28"
"96","Zogg Fire","39.776","-122.673","2020-08-29"
"97","Zogg Fire","39.776","-122.673","2020-08-30"
"98","Zogg Fire","39.776","-122.673","2020-08-31"
"99","Zogg Fire","39.776","-122.673","2020-09-01"
"100","Zogg Fire","39.776","-122.673","2020-09-02"
"101","Zogg Fire","39.776","-122.673","2020-09-03"
"102","Zogg Fire","39.776","-122.673","2020-09-04"
"103","Zogg Fire","39.776","-122.673","2020-09-05"
"104","Zogg Fire","39.776","-122.673","2020-09-06"
"105","Zogg Fire","39.776","-122.673","2020-09-07"
"106","Zogg Fire","39.776","-122.673","2020-09-08"
"107","Zogg Fire","39.776","-122.673","2020-09-09"
"108","Zogg Fire","39.776","-122.673","2020-09-10"
"109","Zogg Fire","39.776","-122.673","2020-09-11"
"110","Zogg Fire","39.776","-122.673","2020-09-12"
"111","Zogg Fire","39.776","-122.673","2020-09-13"
"112","Zogg Fire","39.776","-122.673","2020-09-14"
"113","Zogg Fire","39.776","-122.673","2020-09-15"
"114","Zogg Fire","39.776","-122.673","2020-09-16"
"115","Zogg Fire","39.776","-122.673","2020-09-17"
"116","Zogg Fire","39.776","-122.673","2020-09-18"
"117","Zogg Fire","39.776","-122.673","2020-09-19"
"118","Zogg Fire","39.776","-122.673","2020-09-20"
"119","Zogg Fire","39.776","-122.673","2020-09-21"
"120","Zogg Fire","39.776","-122.673","2020-09-22"
"121","Zogg Fire","39.776","-122.673","2020-09-23"
"122","Zogg Fire","39.776","-122.673","2020-09-24"
"123","Zogg Fire","39.776","-122.673","2020-09-25"
"124","Zogg Fire","39.776","-122.673","2020-09-26"
"125","Zogg Fire","39.776","-122.673","2020-09-27"
"126","Zogg Fire","39.776","-122.673","2020-09-28"
"127","Zogg Fire","39.776","-122.673","2020-09-29"
"128","Zogg Fire","39.776","-122.673","2020-09-30"
"129","Zogg Fire","39.776","-122.673","2020-10-01"
"130","Zogg Fire","39.776","-122.673","2020-10-02"
"131","Zogg Fire","39.776","-122.673","2020-10-03"
"132","Glass Fire","40.53927","-122.56656","2020-09-27"
"133","Glass Fire","40.53927","-122.56656","2020-09-28"
"134","Glass Fire","40.53927","-122.56656","2020-09-29"
"135","Glass Fire","40.53927","-122.56656","2020-09-30"
"136","Glass Fire","40.53927","-122.56656","2020-10-01"
"137","Glass Fire","40.53927","-122.56656","2020-10-02"
"138","Glass Fire","40.53927","-122.56656","2020-10-03"
"139","Sheep Fire","38.56295","-122.49745","2020-08-22"
"140","Sheep Fire","38.56295","-122.49745","2020-08-23"
"141","Sheep Fire","38.56295","-122.49745","2020-08-24"
"142","Sheep Fire","38.56295","-122.49745","2020-08-25"
"143","Sheep Fire","38.56295","-122.49745","2020-08-26"
"144","Sheep Fire","38.56295","-122.49745","2020-08-27"
"145","Sheep Fire","38.56295","-122.49745","2020-08-28"
"146","Sheep Fire","38.56295","-122.49745","2020-08-29"
"147","Sheep Fire","38.56295","-122.49745","2020-08-30"
"148","Sheep Fire","38.56295","-122.49745","2020-08-31"
"149","Sheep Fire","38.56295","-122.49745","2020-09-01"
"150","Sheep Fire","38.56295","-122.49745","2020-09-02"
"151","Sheep Fire","38.56295","-122.49745","2020-09-03"
"152","Sheep Fire","38.56295","-122.49745","2020-09-04"
"153","Sheep Fire","38.56295","-122.49745","2020-09-05"
"154","Sheep Fire","38.56295","-122.49745","2020-09-06"
"155","Sheep Fire","38.56295","-122.49745","2020-09-07"
"156","Sheep Fire","38.56295","-122.49745","2020-09-08"
"157","Sheep Fire","38.56295","-122.49745","2020-09-09"
"158","Valley Fire","40.274","-120.757","2020-09-05"
"159","Valley Fire","40.274","-120.757","2020-09-06"
"160","Valley Fire","40.274","-120.757","2020-09-07"
"161","Valley Fire","40.274","-120.757","2020-09-08"
"162","Valley Fire","40.274","-120.757","2020-09-09"
"163","Valley Fire","40.274","-120.757","2020-09-10"
"164","Valley Fire","40.274","-120.757","2020-09-11"
"165","Valley Fire","40.274","-120.757","2020-09-12"
"166","Valley Fire","40.274","-120.757","2020-09-13"
"167","Valley Fire","40.274","-120.757","2020-09-14"
"168","Valley Fire","40.274","-120.757","2020-09-15"
"169","Valley Fire","40.274","-120.757","2020-09-16"
"170","Valley Fire","40.274","-120.757","2020-09-17"
"171","Valley Fire","40.274","-120.757","2020-09-18"
"172","Valley Fire","40.274","-120.757","2020-09-19"
"173","Valley Fire","40.274","-120.757","2020-09-20"
"174","Valley Fire","40.274","-120.757","2020-09-21"
"175","Valley Fire","40.274","-120.757","2020-09-22"
"176","Valley Fire","40.274","-120.757","2020-09-23"
"177","Valley Fire","40.274","-120.757","2020-09-24"
"178","Valley Fire","40.274","-120.757","2020-09-25"
"179","River Fire","32.765615","-116.692705","2020-08-16"
"180","River Fire","32.765615","-116.692705","2020-08-17"
"181","River Fire","32.765615","-116.692705","2020-08-18"
"182","River Fire","32.765615","-116.692705","2020-08-19"
"183","River Fire","32.765615","-116.692705","2020-08-20"
"184","River Fire","32.765615","-116.692705","2020-08-21"
"185","River Fire","32.765615","-116.692705","2020-08-22"
"186","River Fire","32.765615","-116.692705","2020-08-23"
"187","River Fire","32.765615","-116.692705","2020-08-24"
"188","River Fire","32.765615","-116.692705","2020-08-25"
"189","River Fire","32.765615","-116.692705","2020-08-26"
"190","River Fire","32.765615","-116.692705","2020-08-27"
"191","River Fire","32.765615","-116.692705","2020-08-28"
"192","River Fire","32.765615","-116.692705","2020-08-29"
"193","River Fire","32.765615","-116.692705","2020-08-30"
"194","River Fire","32.765615","-116.692705","2020-08-31"
"195","River Fire","32.765615","-116.692705","2020-09-01"
"196","River Fire","32.765615","-116.692705","2020-09-02"
"197","River Fire","32.765615","-116.692705","2020-09-03"
"198","River Fire","32.765615","-116.692705","2020-09-04"
"199","LNU Lightning Complex","38.48193","-122.14864","2020-08-17"
"200","LNU Lightning Complex","38.48193","-122.14864","2020-08-18"
"201","LNU Lightning Complex","38.48193","-122.14864","2020-08-19"
"202","LNU Lightning Complex","38.48193","-122.14864","2020-08-20"
"203","LNU Lightning Complex","38.48193","-122.14864","2020-08-21"
"204","LNU Lightning Complex","38.48193","-122.14864","2020-08-22"
"205","LNU Lightning Complex","38.48193","-122.14864","2020-08-23"
"206","LNU Lightning Complex","38.48193","-122.14864","2020-08-24"
"207","LNU Lightning Complex","38.48193","-122.14864","2020-08-25"
"208","LNU Lightning Complex","38.48193","-122.14864","2020-08-26"
"209","LNU Lightning Complex","38.48193","-122.14864","2020-08-27"
"210","LNU Lightning Complex","38.48193","-122.14864","2020-08-28"
"211","LNU Lightning Complex","38.48193","-122.14864","2020-08-29"
"212","LNU Lightning Complex","38.48193","-122.14864","2020-08-30"
"213","LNU Lightning Complex","38.48193","-122.14864","2020-08-31"
"214","LNU Lightning Complex","38.48193","-122.14864","2020-09-01"
"215","LNU Lightning Complex","38.48193","-122.14864","2020-09-02"
"216","LNU Lightning Complex","38.48193","-122.14864","2020-09-03"
"217","LNU Lightning Complex","38.48193","-122.14864","2020-09-04"
"218","LNU Lightning Complex","38.48193","-122.14864","2020-09-05"
"219","LNU Lightning Complex","38.48193","-122.14864","2020-09-06"
"220","LNU Lightning Complex","38.48193","-122.14864","2020-09-07"
"221","LNU Lightning Complex","38.48193","-122.14864","2020-09-08"
"222","LNU Lightning Complex","38.48193","-122.14864","2020-09-09"
"223","LNU Lightning Complex","38.48193","-122.14864","2020-09-10"
"224","LNU Lightning Complex","38.48193","-122.14864","2020-09-11"
"225","LNU Lightning Complex","38.48193","-122.14864","2020-09-12"
"226","LNU Lightning Complex","38.48193","-122.14864","2020-09-13"
"227","LNU Lightning Complex","38.48193","-122.14864","2020-09-14"
"228","LNU Lightning Complex","38.48193","-122.14864","2020-09-15"
"229","LNU Lightning Complex","38.48193","-122.14864","2020-09-16"
"230","LNU Lightning Complex","38.48193","-122.14864","2020-09-17"
"231","LNU Lightning Complex","38.48193","-122.14864","2020-09-18"
"232","LNU Lightning Complex","38.48193","-122.14864","2020-09-19"
"233","LNU Lightning Complex","38.48193","-122.14864","2020-09-20"
"234","LNU Lightning Complex","38.48193","-122.14864","2020-09-21"
"235","LNU Lightning Complex","38.48193","-122.14864","2020-09-22"
"236","LNU Lightning Complex","38.48193","-122.14864","2020-09-23"
"237","LNU Lightning Complex","38.48193","-122.14864","2020-09-24"
"238","LNU Lightning Complex","38.48193","-122.14864","2020-09-25"
"239","LNU Lightning Complex","38.48193","-122.14864","2020-09-26"
"240","LNU Lightning Complex","38.48193","-122.14864","2020-09-27"
"241","LNU Lightning Complex","38.48193","-122.14864","2020-09-28"
"242","LNU Lightning Complex","38.48193","-122.14864","2020-09-29"
"243","LNU Lightning Complex","38.48193","-122.14864","2020-09-30"
"244","LNU Lightning Complex","38.48193","-122.14864","2020-10-01"
"245","LNU Lightning Complex","38.48193","-122.14864","2020-10-02"
"246","SCU Lightning Complex","37.439437","-121.30435","2020-08-18"
"247","SCU Lightning Complex","37.439437","-121.30435","2020-08-19"
"248","SCU Lightning Complex","37.439437","-121.30435","2020-08-20"
"249","SCU Lightning Complex","37.439437","-121.30435","2020-08-21"
"250","SCU Lightning Complex","37.439437","-121.30435","2020-08-22"
"251","SCU Lightning Complex","37.439437","-121.30435","2020-08-23"
"252","SCU Lightning Complex","37.439437","-121.30435","2020-08-24"
"253","SCU Lightning Complex","37.439437","-121.30435","2020-08-25"
"254","SCU Lightning Complex","37.439437","-121.30435","2020-08-26"
"255","SCU Lightning Complex","37.439437","-121.30435","2020-08-27"
"256","SCU Lightning Complex","37.439437","-121.30435","2020-08-28"
"257","SCU Lightning Complex","37.439437","-121.30435","2020-08-29"
"258","SCU Lightning Complex","37.439437","-121.30435","2020-08-30"
"259","SCU Lightning Complex","37.439437","-121.30435","2020-08-31"
"260","SCU Lightning Complex","37.439437","-121.30435","2020-09-01"
"261","SCU Lightning Complex","37.439437","-121.30435","2020-09-02"
"262","SCU Lightning Complex","37.439437","-121.30435","2020-09-03"
"263","SCU Lightning Complex","37.439437","-121.30435","2020-09-04"
"264","SCU Lightning Complex","37.439437","-121.30435","2020-09-05"
"265","SCU Lightning Complex","37.439437","-121.30435","2020-09-06"
"266","SCU Lightning Complex","37.439437","-121.30435","2020-09-07"
"267","SCU Lightning Complex","37.439437","-121.30435","2020-09-08"
"268","SCU Lightning Complex","37.439437","-121.30435","2020-09-09"
"269","SCU Lightning Complex","37.439437","-121.30435","2020-09-10"
"270","SCU Lightning Complex","37.439437","-121.30435","2020-09-11"
"271","SCU Lightning Complex","37.439437","-121.30435","2020-09-12"
"272","SCU Lightning Complex","37.439437","-121.30435","2020-09-13"
"273","SCU Lightning Complex","37.439437","-121.30435","2020-09-14"
"274","SCU Lightning Complex","37.439437","-121.30435","2020-09-15"
"275","SCU Lightning Complex","37.439437","-121.30435","2020-09-16"
"276","SCU Lightning Complex","37.439437","-121.30435","2020-09-17"
"277","SCU Lightning Complex","37.439437","-121.30435","2020-09-18"
"278","SCU Lightning Complex","37.439437","-121.30435","2020-09-19"
"279","SCU Lightning Complex","37.439437","-121.30435","2020-09-20"
"280","SCU Lightning Complex","37.439437","-121.30435","2020-09-21"
"281","SCU Lightning Complex","37.439437","-121.30435","2020-09-22"
"282","SCU Lightning Complex","37.439437","-121.30435","2020-09-23"
"283","SCU Lightning Complex","37.439437","-121.30435","2020-09-24"
"284","SCU Lightning Complex","37.439437","-121.30435","2020-09-25"
"285","SCU Lightning Complex","37.439437","-121.30435","2020-09-26"
"286","SCU Lightning Complex","37.439437","-121.30435","2020-09-27"
"287","SCU Lightning Complex","37.439437","-121.30435","2020-09-28"
"288","SCU Lightning Complex","37.439437","-121.30435","2020-09-29"
"289","SCU Lightning Complex","37.439437","-121.30435","2020-09-30"
"290","SCU Lightning Complex","37.439437","-121.30435","2020-10-01"
"291","CZU Lightning Complex","37.17162","-122.22275","2020-08-16"
"292","CZU Lightning Complex","37.17162","-122.22275","2020-08-17"
"293","CZU Lightning Complex","37.17162","-122.22275","2020-08-18"
"294","CZU Lightning Complex","37.17162","-122.22275","2020-08-19"
"295","CZU Lightning Complex","37.17162","-122.22275","2020-08-20"
"296","CZU Lightning Complex","37.17162","-122.22275","2020-08-21"
"297","CZU Lightning Complex","37.17162","-122.22275","2020-08-22"
"298","CZU Lightning Complex","37.17162","-122.22275","2020-08-23"
"299","CZU Lightning Complex","37.17162","-122.22275","2020-08-24"
"300","CZU Lightning Complex","37.17162","-122.22275","2020-08-25"
"301","CZU Lightning Complex","37.17162","-122.22275","2020-08-26"
"302","CZU Lightning Complex","37.17162","-122.22275","2020-08-27"
"303","CZU Lightning Complex","37.17162","-122.22275","2020-08-28"
"304","CZU Lightning Complex","37.17162","-122.22275","2020-08-29"
"305","CZU Lightning Complex","37.17162","-122.22275","2020-08-30"
"306","CZU Lightning Complex","37.17162","-122.22275","2020-08-31"
"307","CZU Lightning Complex","37.17162","-122.22275","2020-09-01"
"308","CZU Lightning Complex","37.17162","-122.22275","2020-09-02"
"309","CZU Lightning Complex","37.17162","-122.22275","2020-09-03"
"310","CZU Lightning Complex","37.17162","-122.22275","2020-09-04"
"311","CZU Lightning Complex","37.17162","-122.22275","2020-09-05"
"312","CZU Lightning Complex","37.17162","-122.22275","2020-09-06"
"313","CZU Lightning Complex","37.17162","-122.22275","2020-09-07"
"314","CZU Lightning Complex","37.17162","-122.22275","2020-09-08"
"315","CZU Lightning Complex","37.17162","-122.22275","2020-09-09"
"316","CZU Lightning Complex","37.17162","-122.22275","2020-09-10"
"317","CZU Lightning Complex","37.17162","-122.22275","2020-09-11"
"318","CZU Lightning Complex","37.17162","-122.22275","2020-09-12"
"319","CZU Lightning Complex","37.17162","-122.22275","2020-09-13"
"320","CZU Lightning Complex","37.17162","-122.22275","2020-09-14"
"321","CZU Lightning Complex","37.17162","-122.22275","2020-09-15"
"322","CZU Lightning Complex","37.17162","-122.22275","2020-09-16"
"323","CZU Lightning Complex","37.17162","-122.22275","2020-09-17"
"324","CZU Lightning Complex","37.17162","-122.22275","2020-09-18"
"325","CZU Lightning Complex","37.17162","-122.22275","2020-09-19"
"326","CZU Lightning Complex","37.17162","-122.22275","2020-09-20"
"327","CZU Lightning Complex","37.17162","-122.22275","2020-09-21"
"328","CZU Lightning Complex","37.17162","-122.22275","2020-09-22"
"329","CZU Lightning Complex","37.17162","-122.22275","2020-09-23"
"330","Loyalton Fire","39.702438","-120.143473","2020-08-14"
"331","Loyalton Fire","39.702438","-120.143473","2020-08-15"
"332","Loyalton Fire","39.702438","-120.143473","2020-08-16"
"333","Loyalton Fire","39.702438","-120.143473","2020-08-17"
"334","Loyalton Fire","39.702438","-120.143473","2020-08-18"
"335","Loyalton Fire","39.702438","-120.143473","2020-08-19"
"336","Loyalton Fire","39.702438","-120.143473","2020-08-20"
"337","Loyalton Fire","39.702438","-120.143473","2020-08-21"
"338","Loyalton Fire","39.702438","-120.143473","2020-08-22"
"339","Loyalton Fire","39.702438","-120.143473","2020-08-23"
"340","Loyalton Fire","39.702438","-120.143473","2020-08-24"
"341","Loyalton Fire","39.702438","-120.143473","2020-08-25"
"342","Loyalton Fire","39.702438","-120.143473","2020-08-26"
"343","Loyalton Fire","39.702438","-120.143473","2020-08-27"
"344","Lake Fire","34.679","-118.452","2020-08-12"
"345","Lake Fire","34.679","-118.452","2020-08-13"
"346","Lake Fire","34.679","-118.452","2020-08-14"
"347","Lake Fire","34.679","-118.452","2020-08-15"
"348","Lake Fire","34.679","-118.452","2020-08-16"
"349","Lake Fire","34.679","-118.452","2020-08-17"
"350","Lake Fire","34.679","-118.452","2020-08-18"
"351","Lake Fire","34.679","-118.452","2020-08-19"
"352","Lake Fire","34.679","-118.452","2020-08-20"
"353","Lake Fire","34.679","-118.452","2020-08-21"
"354","Lake Fire","34.679","-118.452","2020-08-22"
"355","Lake Fire","34.679","-118.452","2020-08-23"
"356","Lake Fire","34.679","-118.452","2020-08-24"
"357","Lake Fire","34.679","-118.452","2020-08-25"
"358","Lake Fire","34.679","-118.452","2020-08-26"
"359","Lake Fire","34.679","-118.452","2020-08-27"
"360","Lake Fire","34.679","-118.452","2020-08-28"
"361","Lake Fire","34.679","-118.452","2020-08-29"
"362","Lake Fire","34.679","-118.452","2020-08-30"
"363","Lake Fire","34.679","-118.452","2020-08-31"
"364","Lake Fire","34.679","-118.452","2020-09-01"
"365","Lake Fire","34.679","-118.452","2020-09-02"
"366","Lake Fire","34.679","-118.452","2020-09-03"
"367","Lake Fire","34.679","-118.452","2020-09-04"
"368","Lake Fire","34.679","-118.452","2020-09-05"
"369","Lake Fire","34.679","-118.452","2020-09-06"
"370","Lake Fire","34.679","-118.452","2020-09-07"
"371","Lake Fire","34.679","-118.452","2020-09-08"
"372","Lake Fire","34.679","-118.452","2020-09-09"
"373","Lake Fire","34.679","-118.452","2020-09-10"
"374","Lake Fire","34.679","-118.452","2020-09-11"
"375","Lake Fire","34.679","-118.452","2020-09-12"
"376","Lake Fire","34.679","-118.452","2020-09-13"
"377","Lake Fire","34.679","-118.452","2020-09-14"
"378","Lake Fire","34.679","-118.452","2020-09-15"
"379","Lake Fire","34.679","-118.452","2020-09-16"
"380","Lake Fire","34.679","-118.452","2020-09-17"
"381","Lake Fire","34.679","-118.452","2020-09-18"
"382","Lake Fire","34.679","-118.452","2020-09-19"
"383","Lake Fire","34.679","-118.452","2020-09-20"
"384","Lake Fire","34.679","-118.452","2020-09-21"
"385","Lake Fire","34.679","-118.452","2020-09-22"
"386","Lake Fire","34.679","-118.452","2020-09-23"
"387","Lake Fire","34.679","-118.452","2020-09-24"
"388","Lake Fire","34.679","-118.452","2020-09-25"
"389","Lake Fire","34.679","-118.452","2020-09-26"
"390","Lake Fire","34.679","-118.452","2020-09-27"
"391","Lake Fire","34.679","-118.452","2020-09-28"
"392","Lake Fire","34.679","-118.452","2020-09-29"
"393","Gold Fire","41.11037","-120.923293","2020-07-20"
"394","Gold Fire","41.11037","-120.923293","2020-07-21"
"395","Gold Fire","41.11037","-120.923293","2020-07-22"
"396","Gold Fire","41.11037","-120.923293","2020-07-23"
"397","Gold Fire","41.11037","-120.923293","2020-07-24"
"398","Gold Fire","41.11037","-120.923293","2020-07-25"
"399","Gold Fire","41.11037","-120.923293","2020-07-26"
"400","Gold Fire","41.11037","-120.923293","2020-07-27"
"401","Gold Fire","41.11037","-120.923293","2020-07-28"
"402","Gold Fire","41.11037","-120.923293","2020-07-29"
"403","Gold Fire","41.11037","-120.923293","2020-07-30"
"404","Gold Fire","41.11037","-120.923293","2020-07-31"
"405","Gold Fire","41.11037","-120.923293","2020-08-01"
"406","Gold Fire","41.11037","-120.923293","2020-08-02"
"407","Gold Fire","41.11037","-120.923293","2020-08-03"
"408","Gold Fire","41.11037","-120.923293","2020-08-04"
"409","Gold Fire","41.11037","-120.923293","2020-08-05"
"410","Gold Fire","41.11037","-120.923293","2020-08-06"
"411","Gold Fire","41.11037","-120.923293","2020-08-07"
"412","Gold Fire","41.11037","-120.923293","2020-08-08"
"413","Gold Fire","41.11037","-120.923293","2020-08-09"
"414","Gold Fire","41.11037","-120.923293","2020-08-10"
"415","Gold Fire","41.11037","-120.923293","2020-08-11"
"416","Gold Fire","41.11037","-120.923293","2020-08-12"
"417","Hog Fire","40.420886","-120.86375","2020-07-18"
"418","Hog Fire","40.420886","-120.86375","2020-07-19"
"419","Hog Fire","40.420886","-120.86375","2020-07-20"
"420","Hog Fire","40.420886","-120.86375","2020-07-21"
"421","Hog Fire","40.420886","-120.86375","2020-07-22"
"422","Hog Fire","40.420886","-120.86375","2020-07-23"
"423","Hog Fire","40.420886","-120.86375","2020-07-24"
"424","Hog Fire","40.420886","-120.86375","2020-07-25"
"425","Hog Fire","40.420886","-120.86375","2020-07-26"
"426","Hog Fire","40.420886","-120.86375","2020-07-27"
"427","Hog Fire","40.420886","-120.86375","2020-07-28"
"428","Hog Fire","40.420886","-120.86375","2020-07-29"
"429","Hog Fire","40.420886","-120.86375","2020-07-30"
"430","Hog Fire","40.420886","-120.86375","2020-07-31"
"431","Hog Fire","40.420886","-120.86375","2020-08-01"
"432","Hog Fire","40.420886","-120.86375","2020-08-02"
"433","Hog Fire","40.420886","-120.86375","2020-08-03"
"434","Hog Fire","40.420886","-120.86375","2020-08-04"
"435","Hog Fire","40.420886","-120.86375","2020-08-05"
"436","Hog Fire","40.420886","-120.86375","2020-08-06"
"437","Hog Fire","40.420886","-120.86375","2020-08-07"
"438","Hog Fire","40.420886","-120.86375","2020-08-08"
"439","Hog Fire","40.420886","-120.86375","2020-08-09"
"440","Hog Fire","40.420886","-120.86375","2020-08-10"
"441","Hog Fire","40.420886","-120.86375","2020-08-11"
"442","Hog Fire","40.420886","-120.86375","2020-08-12"
"443","Hog Fire","40.420886","-120.86375","2020-08-13"
"444","Hog Fire","40.420886","-120.86375","2020-08-14"
"445","Hog Fire","40.420886","-120.86375","2020-08-15"
"446","Hog Fire","40.420886","-120.86375","2020-08-16"
"447","Hog Fire","40.420886","-120.86375","2020-08-17"
"448","Mineral Fire","36.09493","-120.52193","2020-07-13"
"449","Mineral Fire","36.09493","-120.52193","2020-07-14"
"450","Mineral Fire","36.09493","-120.52193","2020-07-15"
"451","Mineral Fire","36.09493","-120.52193","2020-07-16"
"452","Mineral Fire","36.09493","-120.52193","2020-07-17"
"453","Mineral Fire","36.09493","-120.52193","2020-07-18"
"454","Mineral Fire","36.09493","-120.52193","2020-07-19"
"455","Mineral Fire","36.09493","-120.52193","2020-07-20"
"456","Mineral Fire","36.09493","-120.52193","2020-07-21"
"457","Mineral Fire","36.09493","-120.52193","2020-07-22"
"458","Mineral Fire","36.09493","-120.52193","2020-07-23"
"459","Mineral Fire","36.09493","-120.52193","2020-07-24"
"460","Mineral Fire","36.09493","-120.52193","2020-07-25"
"461","Mineral Fire","36.09493","-120.52193","2020-07-26"
"462","Crews Fire","37.034839","-121.501532","2020-07-05"
"463","Crews Fire","37.034839","-121.501532","2020-07-06"
"464","Crews Fire","37.034839","-121.501532","2020-07-07"
"465","Crews Fire","37.034839","-121.501532","2020-07-08"
"466","Crews Fire","37.034839","-121.501532","2020-07-09"
"467","Crews Fire","37.034839","-121.501532","2020-07-10"
"468","Crews Fire","37.034839","-121.501532","2020-07-11"
"469","Crews Fire","37.034839","-121.501532","2020-07-12"
"470","Crews Fire","37.034839","-121.501532","2020-07-13"
"471","Grant Fire","38.520981","-121.201927","2020-06-12"
"472","Grant Fire","38.520981","-121.201927","2020-06-13"
"473","Grant Fire","38.520981","-121.201927","2020-06-14"
"474","Grant Fire","38.520981","-121.201927","2020-06-15"
"475","Grant Fire","38.520981","-121.201927","2020-06-16"
"476","Grant Fire","38.520981","-121.201927","2020-06-17"
